,0,1,2,3,4,5,6,7,8,9,10,11,12,13,14,15,16,17,18,19
0,0.00010566769397296768,1.5155472532735175,5.107776275636744,7.471002261491186,8.819743565579433,9.580843857998696,10.0107274154593,10.254899623429562,10.40315669215554,10.527214592193435,10.704635037452253,10.983634943629376,11.322256056095005,11.663974734001773,11.985247346930255,12.280226772163491,12.549101880721105,12.793900916043892,13.017076351502757,13.221021225873464
1,0.00013609902561518837,1.5800652417427445,5.225208155044288,7.588659144250563,8.925369119324516,9.6734108135767,10.091783692262645,10.32635979441286,10.466781889263082,10.584580886032194,10.757234915772145,11.03277594045107,11.368751211846076,11.708237453619404,12.027520498372125,12.320685944758038,12.587890680777521,12.831143770259612,13.052883895102703,13.255493024601595
2,0.0001745591735553666,1.6473236027109663,5.345332144374342,7.70816097185709,9.032251886141212,9.766864683041508,10.173489177262041,10.398311145926227,10.530789716047233,10.642253521981152,10.810087148403854,11.082130761776611,11.415431301590319,11.75266216751774,12.069936802367243,12.361272496935344,12.626793489090465,12.868489188046047,13.088784128366813,13.290048935234564
3,0.0002231353582309931,1.7174390481292596,5.468210283960676,7.829536945434184,9.140407053268843,9.861214149817235,10.255849226843042,10.470757188342057,10.595182590422107,10.700234239421869,10.863193039721754,11.131700424887958,11.462297142829652,11.797249546461353,12.112496818047275,12.401986900912583,12.665810709022095,12.905937517434216,13.124777354313558,13.324689223773236
4,0.0002844396944875353,1.7905332724034089,5.593906036887384,7.952816734189996,9.24985000788768,9.956468004854845,10.338869267041664,10.54370148371321,10.659962972321752,10.758524814046488,10.916553926913192,11.181485977786863,11.509349582486946,11.84200028972481,12.155201132337098,12.44282965608835,12.704942770565001,12.943489132572081,13.160863901589613,13.359414181375584
5,0.0003617351715617108,1.8667331204256377,5.7224842820643715,8.07803044336573,9.36059630244569,10.052635114225504,10.422554764505875,10.617147620097999,10.725133341027385,10.81712703769972,10.970171161778826,11.231488482425549,11.55658948123428,11.88691511035331,12.198050346052938,12.483801275909546,12.744190117920372,12.981144421962805,13.19704411332151,13.3942241137788
6,0.0004590908057654646,1.9461707897303924,5.854011335951156,8.205208608934512,9.47266164337939,10.149724406375503,10.506911213736457,10.691099199343627,10.790696183690773,10.876042707656584,11.024046100658515,11.28170900512165,11.604017704291143,11.93199472630199,12.24104506536659,12.524902279651423,12.783553201585734,13.018903780851439,13.233318339791582,13.429119334254015
7,0.0005815727323227774,2.0289840533734695,5.988554984996459,8.334382202545616,9.586061889617202,10.247744868313308,10.59194413226296,10.765559831827206,10.856653989937149,10.93527362123807,11.078180099111448,11.332148611293876,11.65163511620527,11.9772398552689,12.284185896704207,12.56613318739571,12.823032473423805,13.056767606393201,13.269686933711993,13.464100158990364
8,0.0007354797062725713,2.115316497273118,6.126184521954499,8.465582640106597,9.700813054954304,10.346705545698553,10.677659059575973,10.840533134712143,10.92300924970833,10.994821573399404,11.132574509340236,11.382808362764688,11.699442578057903,12.022651211825101,12.327473443822516,12.607494517072059,12.862628383685578,13.094736294672197,13.306150247250683,13.499166904137692
9,0.0009286336746195897,2.2053177693148087,6.26697078356813,8.598841791424153,9.816931311776969,10.446615544505605,10.764061557744881,10.91602273191314,10.989764452782177,11.054688355934658,11.187230679167374,11.433689316561882,11.747440946122433,12.068229505953719,12.370908306248152,12.648986782815179,12.90234137930082,13.132810238938806,13.342708630227541,13.534319883971841
10,0.0011707389085893801,2.2991438392547505,6.410986188760626,8.734191989938621,9.93443299508869,10.547484033204624,10.851157212708854,10.992032254831646,11.056922089114616,11.11487575752593,11.242149951862485,11.484792524572525,11.79563107137454,12.113975442435892,12.414491078555109,12.690610494147585,12.94217190297845,13.170989828638938,13.379362429082635,13.569559409810893
11,0.0014738268273006372,2.3969572692786274,6.558304777087613,8.871666042219264,10.053334606422245,10.649320244993579,10.93895163575613,11.068565343381911,11.124484649543852,11.175385564202278,11.297333666410843,11.536119033660764,11.844013799483497,12.1598897207304,12.458222350144004,12.732366155668348,12.98212039281386,13.20927544894832,13.416111986345229,13.604885789426135
12,0.0018528083231393602,2.4989274954507996,6.709002247413035,9.011297237127271,10.173652817487584,10.752133479885746,11.027450464966703,11.145625647067751,11.192454626612472,11.236219559966722,11.352783157986774,11.587669886018478,11.892589971058637,12.205973035126632,12.5021027053092,12.774254267041,13.022187282203788,13.247667480620205,13.452957640419951,13.640299326772016
13,0.00232616137603396,2.6052311204591523,6.8631559968373805,9.15311935463774,10.295404473512985,10.85593310657912,11.116659366520217,11.223216825994564,11.260834515381465,11.297379527459636,11.40849975849772,11.639446119613188,11.941360422014867,12.252226075035018,12.546132723459078,12.816275323147847,13.062372999938605,13.286166300019527,13.489899725566644,13.675800321915403
14,0.002916789318561881,2.7160522181353373,7.020845159917516,9.297166674336827,10.418606596278101,10.960728564087374,11.206584035831481,11.301342551765,11.329626814174071,11.358867248589265,11.464484797124705,11.691448768655361,11.990325983976602,12.29864952533243,12.590312979405851,12.858429814326609,13.10267797038815,13.324772279260303,13.526938571991758,13.711389071083438
15,0.003653094617223051,2.8315826502628387,7.182150648210738,9.443473983613064,10.543276386850584,11.066529363133867,11.297230198504126,11.380006508238832,11.398834025221682,11.420684505094991,11.520739600819878,11.743678864041906,12.039487484673797,12.34524406671367,12.6346440436741,12.900718226637196,13.143102613727942,13.36348578639257,13.564074505997414,13.747065866776257
16,0.004570324814679792,2.952022396200429,7.347155190163488,9.592076585557171,10.669431228040127,11.173345087318005,11.388603611105413,11.459212392153367,11.468458655202001,11.482833079028415,11.57726549474203,11.796137433753367,12.08884574830469,12.392010376021275,12.679126482798146,12.943141042127037,13.183647346172847,13.402307185604936,13.601307850153521,13.782830997909453
17,0.005712261673775808,3.077579895856564,7.515943371351863,9.74301030657767,10.797088686581839,11.281185394065039,11.480710061769924,11.538963913608,11.53850321566898,11.545314753147949,11.63406380262247,11.848825503194494,12.138401595852645,12.4389491265389,12.723760859591794,12.985698739076888,13.224312580198793,13.44123683742217,13.638638923471373,13.818684749963966
18,0.007133341875448819,3.2084724065559582,7.6886016750675354,9.896311503732445,10.926266515057225,11.390060015369578,11.573555370641344,11.619264796419742,11.608970223378446,11.60813131122812,11.691135847060131,11.901744095474998,12.188155845352103,12.48606098824169,12.768547733382292,13.028391792217613,13.26509872474176,13.480275098885986,13.676068041565964,13.85462740512986
19,0.008901318056101311,3.3449263743433186,7.8652185232292515,10.052017071769159,11.056982653557393,11.499978758341307,11.66714539016113,11.700118778357343,11.679862200515416,11.671284538287729,11.748482949748269,11.954894231631402,12.238109312103173,12.533346628001935,12.813487660205613,13.071220672913924,13.306006185369029,13.519422323713027,13.713595516800186,13.890659242436309
20,0.011100592567647475,3.4871778202719868,8.045884317585912,10.210164449860317,11.189255231089195,11.610951505559294,11.761486005211898,11.781529611261597,11.751181674829647,11.734776220742129,11.806106431636845,12.008276930793002,12.288262808836993,12.580806709751153,12.858581192963324,13.114185849314454,13.347035364421188,13.558678862427808,13.751221658407875,13.926780537864177
21,0.013836382871249072,3.635472742225842,8.23069148116237,10.370791628011858,11.323102566721301,11.722988215238926,11.856583133122163,11.86350106105877,11.822931179685895,11.798608146485414,11.864007613035543,12.06189321029612,12.338617145835302,12.628441894601425,12.903828881543156,13.157287786469626,13.388186661125713,13.598045062470726,13.788946772595242,13.962991564440049
22,0.0172399062422104,3.790067532820574,8.419734499882123,10.533937153116101,11.458543170463056,11.836098921213237,11.952442723537285,11.946036907673184,11.895113254034921,11.862782104908018,11.92218781366241,12.115744085751226,12.38917313100834,12.676252840929594,12.949231272906422,13.200526946419899,13.429460471684175,13.637521268282718,13.82677116262177,13.999292592312369
23,0.02147480100837768,3.95122941392414,8.61310996428225,10.699640134612045,11.5955957438651,11.95029373272821,12.049070758160305,12.029140944843965,11.967730442310618,11.927299886855057,11.98064835264314,12.169830571067541,12.439931569935398,12.7242402044283,12.994788911145836,13.243903788257613,13.47085718933589,13.677107821368962,13.864695128862515,14.035683888811228
24,0.02674502909062079,4.119236888324075,8.81091661121363,10.86794024970651,11.734279180326219,12.065582834048623,12.146473250364545,12.11281697984986,12.040785294257843,11.992163284530037,12.03939054846549,12.224153678439489,12.490893265872172,12.772404638127783,13.04050233751745,13.2874187681658,13.512377204401092,13.716805060344361,13.902718968854312,14.072165718493952
25,0.033304525105864784,4.294380209049729,9.013255365393086,11.038877748099107,11.874612565086009,12.181976483868935,12.244656244678227,12.197068833145,12.114280364694782,12.057374091348088,12.098415718893019,12.278714418299101,12.542059019728892,12.820746792392272,13.086372090450293,13.331072339437366,13.554020904306753,13.756613320963735,13.940842977328474,14.108738343178837
26,0.04146886174524362,4.4769618668277085,9.220229380642555,11.212493456141752,12.016615174877641,12.299485014520547,12.343625816139697,12.281900337907127,12.188218213212739,12.12293410174211,12.157725180841679,12.33351379923792,12.593429630022763,12.869267314894397,13.132398705537033,13.374864952477786,13.595788673598054,13.796532936139476,13.979067446232584,14.145402021969444
27,0.05162917389587468,4.667297096105696,9.431944080611805,11.388828780348835,12.160306477208705,12.41811883096374,12.443388069519992,12.367315339498816,12.262601403815484,12.188845110924682,12.217320250222414,12.388552827901638,12.645005892807912,12.917966850570744,13.1785827155087,13.418797054794231,13.637680893938263,13.83656423594931,14.01739266474386,14.182157011271718
28,0.06426849833920416,4.865714400019251,9.648507198734393,11.567925710157404,12.305706129231375,12.537888409549293,12.543949138407559,12.453317694840838,12.337432504499306,12.255108914607797,12.277202241752178,12.443832508860073,12.696788601585533,12.966846041561285,13.22492465019612,13.462869090973708,13.679697944099498,13.87670754763649,14.055818919276273,14.219003564806048
29,0.07998049747997557,5.072556094592509,9.87002881710831,11.749826819816068,12.452833976154928,12.658804296530981,12.645315184147977,12.539911271695637,12.412714086774153,12.321727308681893,12.337372468735406,12.499353844454715,12.748778547196551,13.015905527134958,13.271425036480343,13.507081502652403,13.72184019994649,13.916963195604499,14.094346493483405,14.255941933616073
30,0.09949017307494468,5.288178872349724,10.096621403921116,11.934575269257081,12.601710049144492,12.78087710630602,12.747492394629282,12.62709994785757,12.488448725125279,12.388702088854977,12.397832242817335,12.555117834625564,12.800976517698638,13.065145943603335,13.318084398233951,13.551434728478128,13.7641080344152,13.957331501407971,14.132975668258688,14.292972366075873
31,0.12367552919872848,5.51295438536021,10.3283998489492,12.122214803776581,12.75235456263912,12.904117519355934,12.85048698290124,12.714887610245185,12.564638996413981,12.456035050251977,12.45858287371011,12.611125476718529,12.85338329822905,13.114567924223898,13.364903256254845,13.595929204067392,13.806501817487765,13.997812783741324,14.171706721734424,14.330095107896792
32,0.15358805246780957,5.747269847531243,10.565481496547811,12.312789752312268,12.904787911009599,13.028536279854979,12.954305185614333,12.803278153889497,12.641287479215148,12.523727986973903,12.519625668892093,12.667377765274273,12.90599967085438,13.164172099094092,13.411882128193678,13.640565361958334,13.84902191616497,14.038407358426221,14.210539929280706,14.36731040213503
33,0.1904681299612283,5.991528655683138,10.807986175404803,12.506345024063869,13.059030664461432,13.154144192907346,13.058953261261447,12.892275480810621,12.718396753088367,12.591782691615672,12.580961933280353,12.723875691798977,12.958826414407941,13.213959095037076,13.459021528475901,13.685343631560439,13.891668694437193,14.079115538398792,14.249475563505083,14.40461848920077
34,0.23574888963014579,6.246151028562543,11.056036224147373,12.702926103147972,13.215103564070752,13.280952121367452,13.164437488202227,12.981883498773694,12.795969397778581,12.660200954741015,12.642592968875865,12.780620244517138,13.011864304315203,13.26392953547966,13.506321968219034,13.730264439101731,13.934442513254476,14.119937633697257,14.288513894253615,14.442019606869438
35,0.2910382886730096,6.5115746624374164,11.309756511652685,12.902579040911517,13.373027515819484,13.40897098218964,13.270764162446541,13.072106119913219,12.874007992341168,12.728984564312142,12.704520074380524,12.83761240810617,13.06511411240741,13.314084040322806,13.553783955145624,13.775328207573889,13.977343730496232,14.160873951450442,14.327655188613779,14.479513990295585
36,0.35806484402695754,6.788255401217813,11.569274450600505,13.105350445443577,13.532823583470211,13.538211742244279,13.377939595169728,13.162947259213235,12.952515114185532,12.798135305071387,12.766744544784697,12.894853163412321,13.118576606723273,13.364423225804787,13.601407993492044,13.820535356675576,14.02037270094084,14.201924795867466,14.366899710919482,14.517101872029555
37,0.4385684219568267,7.076667918082338,11.834720002386494,13.311287467716856,13.694512980089447,13.668685413526182,13.48597010992772,13.254410832828636,13.031493338030167,12.867654957871416,12.82926767092365,12.952343487147093,13.172252551298373,13.41494770435685,13.649194583913221,13.865886302754063,14.063529776235306,14.243090468228736,14.40624772275833,14.554783482037138
38,0.5341171050988845,7.377306404241437,12.106225670938484,13.520437783649351,13.858117057988615,13.800403047668077,13.594862039535178,13.346500756230808,13.110945234761104,12.93754529894998,12.892090739000844,13.010084351563107,13.226142705941724,13.465658084451201,13.697144223383159,13.911381458745144,14.106815304864964,14.284371266878285,14.445699482981198,14.592559047722167
39,0.6458402195292556,7.6906852585407846,12.383926482157769,13.732849571188487,14.023657296802167,13.933375729655799,13.704621722563648,13.439220942158128,13.190873370184473,13.00780809914464,12.955215030075662,13.068076724108105,13.280247825998822,13.51655497044083,13.745257405091019,13.957021234111215,14.150229632123189,14.325767487217435,14.485255247713992,14.63042879395204
40,0.7740940273633509,8.017339768766524,12.667959944488457,13.948571481261634,14.191155289358308,14.067614570622329,13.815255499409778,13.532575298349157,13.271280303662662,13.0784451230422,13.018641819512908,13.126321567055632,13.334568662100205,13.567638962390692,13.793534618332481,14.00280603477729,14.193773100080925,14.367279421699589,14.52491527037157,14.668392943085998
41,0.9181247386461916,8.357826771135072,12.958465984210237,14.167652601069216,14.360632724913218,14.20313069957321,13.92676970787516,13.626567725032885,13.352168586622073,13.149458128056926,13.082372376390909,13.184819837110597,13.389105959894605,13.618910655899631,13.841976348395942,14.04873626306472,14.237446047555865,14.408907359826038,14.564679801673552,14.706451715006015
42,1.075851367717475,8.712725267292,13.255586845897422,14.390142407652883,14.53211136920571,14.339935253864976,14.039170678189135,13.721202112146708,13.433540760918872,13.220848863430916,13.1464079628648,13.243572484987821,13.443860459765533,13.670370641912314,13.890583076443134,14.09481231762226,14.281248810081019,14.450651588142552,14.604549089661921,14.744605327150106
43,1.2439171654402927,9.082636965571018,13.559466943006331,14.616090708835461,14.705613040630462,14.478039368217836,14.152464727393347,13.816482336248095,13.515399357047414,13.292619069149131,13.210749833481099,13.302580454961396,13.498832896529942,13.722019506520411,13.939355279383635,14.141034593354172,14.325181719872424,14.492512390236552,14.644523379720152,14.782853994547821
44,1.418095265797742,9.46818668945982,13.870252633628832,14.845547567297507,14.88115958160067,14.617454161990814,14.26665815299114,13.91241225708066,13.597746892173712,13.36477047476076,13.275399234439329,13.361844684382548,13.554023999117708,13.773857830752217,13.98829342974279,14.18740348134501,14.369245105795729,14.53449004673463,14.684602914593693,14.821197929857757
45,1.5939704588994634,9.870022548087462,14.188091877984437,15.078563201370416,15.058772823836266,14.758190724375533,14.38175722574501,14.008995713748677,13.680585867974102,13.437304798097564,13.340357402795952,13.421366103163376,13.60943449023041,13.82588619034979,14.03739799552243,14.233919368780715,14.41343929333141,14.576584835300224,14.724787934411605,14.859637343406856
46,1.7676514414040756,10.28881566153819,14.513133699400191,15.315187852465899,15.238474545808591,14.90026009706539,14.497768181479666,14.106236520446092,13.763918768256243,13.510223743878688,13.405625565605417,13.481145633223724,13.665065085977812,13.878105155532715,14.086669440053914,14.280582638865667,14.457764604538347,14.618797030631242,14.765078676709162,14.898172443231363
47,1.9362431025392466,10.72525901209858,14.845527304775846,15.555471602855366,15.420286419795486,15.043673253816431,14.614697211714486,14.204138461676177,13.847748056336224,13.583529002190206,13.471204938992555,13.54118418789811,13.720916495490348,13.930515290747485,14.13610822184284,14.32739367073536,14.502221358015557,14.661126904457472,14.805475376451298,14.936803435119238
48,2.0979576563740836,11.180064508285662,15.18542059746899,15.799464116946982,15.604229944788177,15.18844107611458,14.73255045290415,14.302705286885397,13.932076172141532,13.657222246826048,13.53709672714998,13.601482671299445,13.776989420505853,13.983117154401539,14.18571479440491,14.374352839364354,14.546809868861857,14.70357472553762,14.845978266056749,14.975530522653939
49,2.2519351486238133,11.653956302911833,15.532957589110254,16.047214261273012,15.790326359584943,15.33457432386993,14.851333974005072,14.40194070441917,14.016905529004593,13.73130513347535,13.603302121253426,13.662041977635882,13.833284554928518,14.035911298580857,14.235489606092372,14.4214605154692,14.591530448633293,14.74614075965589,14.886587575422821,15.014353907259485
50,2.397937221955928,12.147656205672117,15.888273810243478,16.298769528223758,15.978596527399954,15.482083599626046,14.971053762001254,14.501848374686544,14.102238510105652,13.805779297739097,13.669822298287214,13.722862990476965,13.88980258435814,14.088898268750052,14.285433099910431,14.46871706540604,14.6363834052982,14.78882526961799,14.927303531950704,15.053273788246713
51,2.53605456870076,12.66185257313381,16.251488111922036,16.554175138484254,16.169060778584,15.63097930413104,15.091715704906115,14.602431902393938,14.188077464516212,13.880646352956603,13.736658419771121,13.783946581964718,13.946544185587328,14.142078603433802,14.335545713323103,14.516122851062638,14.681369043189763,14.83162851524657,14.968126360571357,15.092290362860744
52,2.6664962241030987,13.197135494680117,16.62268806549677,16.813472615515302,16.361738690651368,15.781271580164276,15.213325571593025,14.703694827672416,14.274424702784913,13.955907887819418,13.803811630378892,13.84529361196504,14.003510026064408,14.195452833878457,14.38582787804792,14.563678229744566,14.726487662955984,14.874550753376028,15.009056283771924,15.131403826329661
53,2.789468742875376,13.7538657921426,17.001904278991415,17.076697495357458,16.556648773335482,15.932970240098049,15.33588898757572,14.805640615875513,14.36128249199595,14.031565463746814,13.871283056437491,13.906904927154276,14.0607007633194,14.24902148369255,14.43628001983892,14.611383554055333,14.771739561507069,14.91759223784679,15.050093521622799,15.170614371914427
54,2.905124253486926,14.331920794861604,17.389066124795026,17.343875633258435,16.753808008840902,16.086084670580775,15.459411405532443,14.908272645760746,14.448653050215102,14.107620611992816,13.939073804294738,13.968781360035235,14.11811704435044,14.302785068464933,14.48690255825737,14.659239171770306,14.81712503196016,14.96075321949905,15.09123829180537,15.209922190960157
55,3.013550853460141,14.930227142188746,17.78392752142629,17.61501726550169,16.95323117100471,16.240623704652247,15.583898068904256,15.011594195681605,14.53653854021906,14.184074830449552,14.007184958541401,14.030923727876516,14.17575950496758,14.356744095359167,14.537695906429626,14.70724542570419,14.862644363581468,15.004033946166137,15.132490809640622,15.249327472948865
56,3.114784108239152,15.545964024250688,18.18594689879425,17.890107546968725,17.154929807938398,16.396595447118695,15.709353966243091,15.115608427299813,14.62494106237897,14.260929580105474,14.075617580071922,14.0933328315681,14.233628769090853,14.410899062682708,14.588660470791574,14.755402653571979,14.908297841725874,15.047434662667635,15.173851288118732,15.288830405553794
57,3.208826037006775,16.17334471147625,18.594101752228507,18.169091683199984,17.358910716029843,16.554007032552448,15.835783773063563,15.220318366168662,14.71386264653653,14.338186281109145,14.144372703965605,14.156009454385629,14.291725447999063,14.465250459429363,14.639796650819068,14.803711187843216,14.954085747774073,15.090955610802427,15.215319937929852,15.32843117469556
58,3.2956642355902526,16.802057781648788,19.006618800315785,18.451852002506573,17.565173653102075,16.712864286083253,15.963191776663033,15.325726878322284,14.803305242668907,14.415846308379592,14.213451337167523,14.218954360654667,14.3500501395255,14.519798764793379,14.691104838743772,14.852171355589507,15.000008359067406,15.134597029341878,15.25689696749634,15.368129964600286
59,3.375287896235523,17.415894800084935,19.42061254492794,18.73817341627052,17.773707928700137,16.873171244250184,16.091581777583478,15.431836641713327,14.893270710083339,14.493910986692107,14.282854455945103,14.282168294305423,14.408603427196498,14.574544447653434,14.742585419253789,14.900783478325195,15.04606594884055,15.178359154023433,15.29858258300665,15.40792695785998
60,3.4476997947992896,17.99274304096224,19.83165832918932,19.027692852098305,17.984487364200444,17.03492947540453,16.220956958923846,15.538650110946309,14.983760804810116,14.572381585153115,14.35258300309249,14.345651977307032,14.467385879308152,14.629487966024662,14.79423876917847,14.949547871841144,15.092258786152223,15.222242217544874,15.340376988451208,15.447822335495399
61,3.5129244341470827,18.50729949486289,20.2333904116235,19.319827769059877,18.197462931890076,17.198137115125725,16.35131971135498,15.646169473223171,15.074777164767925,14.651259310958514,14.422637884850147,14.409406107969206,14.526398047936246,14.684629766476693,14.846065257156758,14.998464846031615,15.138587135814202,15.266246449559569,15.382280385660586,15.487816277021702
62,3.5710129657382934,18.936459324230842,20.617305391357164,19.61367943667784,18.412552164337963,17.362787500371294,16.482671397173775,15.754396592708442,15.166321292152011,14.730545302305627,14.49301996750143,14.473431359097404,14.585640467873807,14.73997028351553,14.898065243288377,15.047534704714197,15.185051258318833,15.310372076673058,15.424292974346296,15.52790896051716
63,3.622045597292189,19.264829849911962,20.973019386385374,19.907909343208132,18.629624190342692,17.528867245271897,16.615012030742115,15.863332939581705,15.258394532334423,14.810240620298265,14.563730073601077,14.53772837598567,14.645113655490091,14.795509938926935,14.950239078767169,15.096757745442833,15.231651409765377,15.354619322441327,15.466414952144557,15.568100562695268
64,3.6661321293679494,19.487238796187924,21.289174331831767,20.20059333482209,18.84847904090318,17.696353550715212,16.748339844831463,15.972979498809954,15.350998048356669,14.890346239645558,14.63476897778203,14.60229777422918,14.704818107504115,14.851249141078704,15.002587105495822,15.146134259313916,15.278387841785474,15.398988407371185,15.508646514663461,15.608391258980552
65,3.703411149826738,19.60757037301837,21.554932901321884,20.489069290241847,19.068819752301852,17.865210479309855,16.882650702356813,16.083336652065324,15.44413278982494,14.970863037906339,14.706137402076864,14.667140137335641,14.764754299665022,14.90718828417904,15.05510965568115,15.19566453076549,15.325260801468055,15.443479548923122,15.550987855533833,15.64878122358841
66,3.7340482995726783,19.635662859685922,21.761635689184498,20.76981051135295,19.29021589743253,18.03538385912074,17.01793730037395,16.19440402414587,15.537799454671408,15.051791782968976,14.777836010677413,14.732256014111725,14.824922685330588,14.96332774748788,15.107807051409067,15.245348837369546,15.372270531284043,15.488092961517083,15.593439166464279,15.689270629609284
67,3.7582339236436604,19.584172241328474,21.90401665355363,21.03837531181092,19.512057687375997,18.206794409125543,17.15418809775776,16.306180282629544,15.631998441802898,15.133133118378979,14.849865404040976,14.797645915796698,14.885323693934165,15.019667894477704,15.160679604198252,15.295187449617448,15.419417269011175,15.532828856541563,15.63600063730069,15.729859649097499
68,3.7761803426700706,19.466295926829666,21.98058717337483,21.289494260174642,19.733500952462673,18.37932861709126,17.291385879594646,16.418662876200436,15.726729792098853,15.214887546029397,14.922226112232472,14.863310312911134,14.945957729328832,15.076209071940017,15.213727614531395,15.345180630698398,15.466701247659302,15.577687442366447,15.67867245609067,15.770548453165008
69,3.7881189191938995,19.29443672114579,21.99322862945718,21.517345261045865,19.95340541547206,18.552826864169187,17.429505850273372,16.531847693030127,15.821993114519064,15.297055405607596,14.994918587369146,14.929249631783048,15.00682516799627,15.13295160903304,15.266951371362758,15.39532863627088,15.514122695396415,15.622668924359942,15.721454809153135,15.811337212080323
70,3.7942970478142763,19.079570024923182,21.94632824987014,21.71602086036977,20.170271918187066,18.727068307289702,17.568513124374213,16.6457286156912,15.917787493210907,15.379636850041516,15.067943195006176,14.99546425070741,15.067926357105783,15.189895816265787,15.320351151600637,15.445631714226908,15.561681835475744,15.667773504909984,15.76434788115343,15.852226095372785
71,3.79497516403166,18.831049504039004,21.845818670836092,21.880118622723412,20.38218858396857,18.901752139546453,17.708359461417714,16.76029694327627,16.01411137043697,15.46263181600274,15.141300204267585,15.06195449568745,15.129261612406939,15.247041984412858,15.373927219562933,15.496090104448788,15.609378886164002,15.713001383450347,15.807351855184132,15.89321527194229
72,3.7904238410202926,18.556652701290638,21.698349637595733,22.0053197237487,20.58680060910195,19.076475101750155,17.84897907024238,16.87554064471165,16.110962398848507,15.546039988296354,15.214989776485249,15.128720635696792,15.190831215936724,15.304390383353466,15.427679826403898,15.546704038557966,15.657214060670947,15.758352756491643,15.850466912851651,15.934304910174477
73,3.7809210240882374,18.26274006690579,21.510676949311208,22.08880865941501,20.78132183091048,19.250705575978017,17.990283295787563,16.99144339981335,16.20833725508262,15.629860756691292,15.289011952058939,15.195762877390834,15.252635413518988,15.36194126082731,15.481609209509543,15.59747373965528,15.705187567080104,15.803827817657233,15.893693234368628,15.975495178061232
74,3.7667494376266695,17.9544542716757,21.289263767193304,22.129442989550448,20.962605781210726,19.423755313529423,18.13215400202931,17.107983376713936,16.306231404842727,15.714093163412063,15.363366635189966,15.263081359182594,15.314674412030548,15.419694841098575,15.5357155918588,15.648399422051693,15.753299608280376,15.849426757723888,15.937030998651899,16.016786243326212
75,3.748194187728306,17.63592091197998,21.040051853449953,22.12767212072592,21.1272867681193,19.594750869833316,18.27443548893845,17.22513168639521,16.404638807526617,15.798735839116052,15.43805357606902,15.330676144583043,15.376948376403934,15.477651323517907,15.589999181346831,15.699481290988142,15.801550381897965,15.895149764666792,15.98048038342558,16.05817827355484
76,3.725540574544994,17.310432023405856,20.76835402031353,22.085275584739655,21.271986572966316,19.762608107195994,18.416924840488225,17.342850447998483,16.50355154610776,15.88378692471262,15.513072350013186,15.398547214687449,15.439457426331803,15.535810880970446,15.64446017006603,15.750719542342718,15.849940080227611,15.940997023708128,16.024041565328538,16.09967143632792
77,3.6990721212781335,16.98060519479867,20.478826149566892,22.005016104459973,21.393562645683982,19.926014530678557,18.559360709194127,17.461090393547572,16.602959365397002,15.96924397583534,15.588422332945756,15.466694459668076,15.502201632632042,15.594173658195809,15.699098733539255,15.802114362322637,15.898468890161693,15.986968717368114,16.067714720025098,16.141265899357734
78,3.669068821042178,16.648517086929814,20.17548759923657,21.89028823250875,21.489356867202527,20.083425409993268,18.701410715763156,17.579787939390055,16.702849099097108,16.055103846153454,15.664102672494025,15.535117669107965,15.565181013225496,15.652739769963246,15.753915029898554,15.853665927137735,15.947136993115103,16.033065025516724,16.111500022317372,16.18296183062492
79,3.6358055984136057,16.31581308608883,19.86176838764538,21.74481239926877,21.557398826085073,20.233080075940332,18.842657893699513,17.69886165628921,16.803203963353358,16.14136254500283,15.740112253842305,15.603816520981074,15.628395528669836,15.71150929908206,15.808909199000913,15.90537440265109,15.99594456494296,16.079286125423724,16.155397646256937,16.224759398513925
80,3.599550979052663,15.983796036996281,19.54056898486028,21.572395163257344,21.596528096191793,20.373043807220792,18.982586944673045,17.818208083547155,16.90400269201155,16.228015064036192,15.816449659318907,15.672790569049532,15.691845077183274,15.770482294223433,15.864081361470687,15.957239944001053,16.0448917758472,16.12563219180375,16.199407765252875,16.266658771944126
81,3.560565958190298,15.65349730414183,19.21432386185657,21.376756899529276,21.606421819592864,20.501277811077983,19.120571482500814,17.937696858267767,17.005218486825733,16.315055166749964,15.89311312051527,15.74203922840886,15.755529489080024,15.829658767525173,15.91943161765569,16.009262695187324,16.093978790266814,16.172103396852016,16.243530552172157,16.308660120492803
82,3.519103056870651,15.325733263179526,18.885063563627128,21.161418091492287,21.587537014671376,20.615734938164557,19.255863897252965,18.057165172769178,17.106817754826046,16.402475133864023,15.970100461532747,15.811561758865974,15.81944852052587,15.889038691945219,15.974960046480941,16.061442788611505,16.143205766744824,16.21869991026493,16.2877661794272,16.350763614505066
83,3.4754055535157384,15.001149978165854,18.5544724416469,20.929631930654104,21.540992529344145,20.714472832215904,19.387589894621073,18.17641163518758,17.208758605504414,16.490265456646988,16.04740903172789,15.881357245782537,15.883601846505965,15.948621998322905,16.0306667041802,16.11378034456004,16.192572857763064,16.265421899238213,16.332114819043948,16.39296942518456
84,3.429706877537672,14.680258412379267,18.223940684802912,20.684351130708468,21.468420246166268,20.795770961799132,19.51475004365592,18.295189693809256,17.31098908308483,16.57841446944658,16.125035626082845,15.951424577956654,15.947989052878528,16.008408572098865,16.086551622880656,16.166275470614206,16.242080209533352,16.312269528432914,16.376576642701963,16.43527772465711
85,3.382230151281846,14.363462119436402,17.894610210364974,20.42821866072539,21.371811271608852,20.858235463044853,19.636230645117642,18.413200896217024,17.413445114738625,16.666907911974505,16.20297639106686,16.02176242204936,16.01260962736619,16.068398249634658,16.14261480901056,16.218928260967594,16.291727961730444,16.359242959897312,16.421151821735883,16.477688685997453
86,3.333187866470049,14.051078999264337,17.567414518014733,20.16357431815237,21.25337488721478,20.900877230950265,19.750825752214137,18.530088388175976,17.51604816513141,16.755728411405325,16.28122671358479,16.092369192988283,16.077462949311773,16.128590814061496,16.198856241492475,16.271738795627083,16.341516247148494,16.406342352929343,16.465840527084733,16.520202483206916
87,3.28278168146281,13.743358391745701,17.243112906800455,19.89247113291009,21.115419826515716,20.923153943552414,19.857271126262425,18.645431207108366,17.618702602174643,16.84485487420284,16.359781090337066,16.163243019699543,16.142548277996465,16.18898599057367,16.2552758696764,16.3247071394667,16.39144519125785,16.453567863860478,16.510642929172406,16.562819291126697
88,3.2312023260205076,13.440494520523702,16.922319598125625,19.61669731073859,20.960261013937632,20.924973869196688,19.95428931338114,18.758740076102548,17.721292799319883,16.934261777939206,16.438632974656393,16.23438170543107,16.207864739285245,16.24958344106576,16.311873610956898,16.377833341097013,16.44151491163356,16.500919645737195,16.555559197698454,16.605539285268154
89,3.178629600765618,13.142637086487621,16.605528357240615,19.33780075560836,20.790150773707886,20.906665994791826,20.040643103542376,18.86945553219636,17.8236800270442,17.023918354406636,16.517774597655844,16.305782681836654,16.2734113103273,16.31038275799346,16.368649348006024,16.43111743150352,16.491725517219813,16.5483978478705,16.600589501313554,16.648362641536938
90,3.1252324591928646,12.849899638769724,16.293133199864123,19.057114200586707,20.60723135937115,20.868925415676177,20.11519279956523,18.97694929287508,17.925699220825155,17.11378765725316,16.59719676034325,16.377442955892146,16.339186801996476,16.37138345731503,16.425602925539103,16.484559422396895,16.542077107386376,16.596002615217028,16.645734007147936,16.691289535822616
91,3.071169160804575,12.562366214160823,15.985445734203372,18.77577968969464,20.41350487022421,20.812744457098226,20.17695150131538,19.080529736021287,18.027155754714006,17.203825510441643,16.676888593255168,16.449359048615378,16.405189838709855,16.432584970343843,16.482734146513085,16.538159304205184,16.592569770722804,16.64373408754685,16.690992880154063,16.734320143419218
92,3.0165874847361245,12.280096627541239,15.68270963726131,18.494771654686488,20.210816653092188,20.739339148009353,20.225132430963885,19.179452200034728,18.127822397349586,17.2939793382885,16.756837280174125,16.521526924462524,16.47141883520961,16.49398663431158,16.54004276763613,16.591917043622583,16.643203583504132,16.691592398343207,16.73636628221604,16.777454638234435
93,2.9616249940554753,12.00313071078678,15.385112707405982,18.2149181753018,20.00084872816263,20.650078449472737,20.259183333793224,19.27293447451711,18.2274366781774,17.384186883934632,16.837027742654655,16.593941910180344,16.537871969835575,16.555587681405743,16.59752849404268,16.645832580611007,16.693978607747173,16.739577673367066,16.781854370968066,16.82069319173602
94,2.9064093417514645,11.731491731018654,15.09279687835282,17.93692024279123,19.78512036799384,20.546421029745467,20.278804954172276,19.360177348644726,18.325698941096046,17.474374831055545,16.91744228244369,16.666598601810765,16.60454715375252,16.617387226003853,16.655190972959122,16.699905824728823,16.744894888759095,16.787690028805134,16.82745729825157,16.864035971573127
95,2.8510586102506514,11.465189167182832,14.805866526114732,17.66136899727077,19.564993555516985,20.42986203357603,20.283952981569076,19.440389458151063,18.42227140389021,17.564457353581098,16.99806017949014,16.739490758478496,16.671441995527843,16.679384249779297,16.71302978615106,16.754136650635218,16.795952452059158,16.835929568902493,16.873175208125982,16.90748313979692
96,2.7956816771094544,11.204220983647582,14.524395351691831,17.38876100393335,19.341681580914504,20.301890516428852,20.274825079281303,19.512815014895676,18.516778565620132,17.654334630198296,17.078857244153827,16.812611181551652,16.73855376038261,16.741577584299772,16.77104444090353,16.808524892587858,16.847151299529852,16.88429638296047,16.91900823433011,16.951034850589316
97,2.7403786003062875,10.94857550828493,14.248432078924871,17.119511688867718,19.11625948373389,20.16395704805253,20.251836185881015,19.576762443899344,18.608809300080793,17.743891374300503,17.15980532350307,16.88595157775895,16.805879323362337,16.803965890677883,16.829234359238956,16.86307033771548,16.89849140462427,16.93279054155568,16.96495649706998,16.99469124738965
98,2.6852410173001404,10.698232998356836,13.978005169072013,16.85396708470876,18.88967540385437,20.01745033931721,20.215586023048147,19.63163162586863,18.697920930850263,17.832995445411342,17.240871763290368,16.959502404886024,16.87341511559514,16.866547635764263,16.88759886502405,16.91777271780457,16.949972706422095,16.981412091807062,17.011020098983597,17.038452459286784
99,2.630352552722096,10.45316695888225,13.713126721011225,16.592414048402873,18.662762182111507,19.86368147167177,20.166822720913494,19.6769374467722,18.783645493808176,17.921496624202288,17.322018829367906,17.033252698770102,16.941157062724287,16.929321064296147,16.946137168554653,16.97263169928961,17.001595102285524,17.030161051483113,17.05719912010305,17.0823185965174
100,2.5757892302209267,10.21334526377932,13.453795698075556,16.335089114185802,18.436248761442503,19.7038742771754,20.106405910950023,19.71232771475452,18.865498252978686,18.00922564887976,17.40320309498771,17.10718988047995,17.009100514523848,16.992284166327746,17.004848348136292,17.027646871078463,17.05335843881857,17.079037401700578,17.103493611598715,17.126289744879358
101,2.5216198845913045,9.978731118990874,13.200000598880669,16.082186138708433,18.210771095511273,19.539160524515438,20.03527180608996,19.73759415557688,18.942988350084693,18.095993624325924,17.48437480364313,17.181299542821662,17.077240164630496,17.055434639173313,17.063731328096374,17.082817729777016,17.105262500776686,17.128041077917608,17.149903588047945,17.17036595883129
102,2.467906570872639,9.749283898258295,12.951721669576921,15.833862885025669,17.986882385709432,19.370578739994873,19.954401913797284,19.75267600715968,19.015631252762454,18.181591924872112,17.56547722083707,17.25556521566515,17.145569959255848,17.118769842988733,17.122784852570923,17.138143661799127,17.157306997507664,17.177171958867422,17.196429017920593,17.214547253004724
103,2.4147049676183006,9.524959875626587,12.708932738247809,15.590246679850878,17.765062549097216,19.19907568612667,19.864796256310015,19.757656539357757,19.082962447069967,18.26579271453948,17.64644599235291,17.329968110056218,17.214082993686134,17.182286749002948,17.182007454302926,17.19362392175754,17.209491546427696,17.22642985301173,17.24306981191466,17.258833591801874
104,2.362064772000472,9.305712873689231,12.471602738219135,15.35143926537104,17.54572687720932,19.02550970781942,19.767451371460375,19.752753484489116,19.14455163040742,18.348350202415737,17.72720853114773,17.404486841678324,17.282771395332187,17.24598187928675,17.241397417569786,17.24925760642743,17.261815652946474,17.27581448201446,17.289825808705526,17.30322487668942
105,2.310030084836686,9.09149484266811,12.23969697542339,15.117520953852347,17.329233884944784,18.85065532394758,19.663342948682594,19.738304790124804,19.20001653623427,18.429002733147865,17.807683459706656,17.4790971349685,17.351626192070036,17.309851236813806,17.300952734223028,17.30504362345461,17.314278686150875,17.325325460644475,17.336696757590175,17.34772093072417
106,2.2586397840030488,8.882256382402424,12.013178185316605,14.8885541807543,17.115892374787787,18.675208585285773,19.55341269646034,19.714751277133413,19.24903548996255,18.50747578156993,17.887780139336847,17.553771510080438,17.4206371646141,17.373890224427992,17.360671051672615,17.36098065384349,17.36687984943546,17.37496227240816,17.383682297410992,17.392321479758778
107,2.2079278850387007,8.677947216985046,11.792007416853655,14.664586540410996,16.905967758011446,18.49979283792978,19.43855890443982,19.682617736670267,19.291357869109014,18.583485875714125,17.967398322098013,17.628478955927225,17.489792681699036,17.438093551183314,17.420549611480247,17.417067107103573,17.41961814512773,17.42472424008719,17.430781931030467,17.43702612967216
108,2.157923888049856,8.478516629976655,11.57614477442152,14.44565337767912,16.699687684033584,18.32496462640725,19.319630119394308,19.642493794797897,19.32681181352821,18.656745415098086,18.04642796443564,17.703184593720792,17.559079516918203,17.502455124369483,17.480585177039742,17.473301067754985,17.472492331993948,17.474610490210104,17.477994994494754,17.48183433884719
109,2.1086531102931105,8.283913866725337,11.365550043176995,14.231779999345916,16.497247033756263,18.151219545707743,19.197421367841013,19.595015585067625,19.35530877759325,18.726968284636396,18.12474924359982,17.77784933673942,17.628482646183368,17.566967925379668,17.540773948616664,17.529680231691692,17.52550087432451,17.52461991031576,17.525320619868072,17.52674538497479
110,2.060137004060432,8.094088509229136,11.16018321874105,14.022983560527214,16.29881233403084,17.97899790968722,19.07267240520506,19.54084895997739,19.376844796717243,18.793876094433912,18.202232818042816,17.852429553470998,17.697985024938852,17.6316238674194,17.601111463793302,17.586201830672014,17.578641881082888,17.574751097668535,17.572757690537443,17.571758325094777
111,2.0123934597068778,7.908990828129668,10.96000495850205,13.819274673717345,16.104525649445165,17.808690147812612,18.946067534827954,19.480674685696282,19.391498613083524,18.85720480959607,18.2787403706287,17.92687674275545,17.767567344489645,17.696413632900665,17.661592481118177,17.64286254294806,17.631913033355488,17.625002297855072,17.620304787573858,17.61687194758557
112,1.9654370938607708,7.728572115761823,10.764976968737145,13.62065878150966,15.914508005225395,17.640641875740066,18.81823660849871,19.415175825543276,19.399427033244404,18.91671148050542,18.354125468149512,18.001137231025236,17.83720776709277,17.761326488216252,17.722210844490842,17.699658387755406,17.68531149805719,17.675371331425957,17.667960125487024,17.662084714582587
113,1.9192795230402495,7.5527850036655995,10.5750623392609,13.427137328207724,15.728862391753546,17.475158610085728,18.68975688663488,19.345027335440935,19.400858049498055,18.97218075083231,18.428234761946,18.075151903140405,17.906881639818735,17.82635007345112,17.78295932552302,17.75658460105874,17.738833825524377,17.725855506437643,17.71572147542084,17.70739469303271
114,1.8739296230753175,7.381583767559523,10.390225835257183,13.238708760509164,15.547676397429038,17.312510115863578,18.561155496964602,19.27088776727082,19.396082339128533,19.0234308139851,18.500909542221926,18.148855979536997,17.97656118761731,17.891470164465147,17.84382944080654,17.813635489585675,17.79247582825903,17.77645151439419,17.763586073498818,17.752799472273477
115,1.8293937749075118,7.214924622456024,10.2104341542658,13.05536938308312,15.371024512628855,17.152934387980398,18.432912283833545,19.193392896140946,19.385443765892447,19.070318511546194,18.571987643076138,18.2221788533399,18.046215186518364,17.956670404680644,17.904811240687632,17.87080425977594,17.846232437668544,17.82715530667857,17.811550511636554,17.798296065653314
116,1.7856760975178434,7.052766010349133,10.035656154913664,12.877114091100571,15.198970143541647,16.996641277125327,18.30546288564702,19.113151045108506,19.369329461193143,19.112743318129834,18.641305676902316,18.29504400160336,18.115808618460186,18.021932003835165,17.965893065797864,17.928082817824308,17.900097535170637,17.877961948091833,17.859610607682722,17.843880793274064
117,1.7427786689273994,6.895068882709241,9.865863062847716,12.703936998539456,15.031567370792068,16.84381577634392,18.17920191577324,19.03073986594392,19.348159977148793,19.15065003057337,18.70870155659358,18.367368984794723,18.18530230985544,18.087233400922347,18.027061267226674,17.98546153649962,17.95406375349475,17.928865443577212,17.907761251222762,17.889549142430372
118,1.7007017364353412,6.741796979867701,9.7010286583987,12.535831978308439,14.868862484114032,16.694620988303228,18.054486153182378,18.94670433836041,19.322379899058443,19.18403006677729,18.77401724331982,18.439065547889538,18.25465255666444,18.15254988854798,18.088299885842236,18.04292898387738,18.00812224340465,17.97985853358671,17.95599622076945,17.935295601730473
119,1.6594439175209696,6.5929171092571375,9.541129449744561,12.372793127853166,14.71089532092225,16.549200795320317,17.931637674045945,18.861555765766642,19.292449196343576,19.212921370564057,18.83710163822305,18.510039834868305,18.323810739425358,18.217853195982965,18.149590285881175,18.100471608527464,18.062262400384547,18.030932452839615,18.004307967360592,17.981113464197612
120,1.6190023931583817,6.448399424385175,9.386144834719644,12.214815171873763,14.557700433493657,16.407682255095725,17.810946875366092,18.775771567766014,19.258835490202976,19.23740700357283,18.897813520064606,18.58019272589313,18.39272293236301,18.283111028306568,18.21091073753922,18.15807337505084,18.1164715450669,18.08207664641612,18.05268735877402,18.02699459385655
121,1.5793730956982015,6.308217706354747,9.236057253906127,12.061893812044639,14.409308106610943,16.270177745108647,17.69267535728993,18.689795694596167,19.222007329759855,19.257612575235623,18.95602441946148,18.64942030293276,18.46132951132448,18.348286559209185,18.27223594291191,18.215715343160483,18.17073455032797,18.13327843621382,18.101123377639418,18.07292914939032
122,1.5405508939916113,6.172349649699686,9.090852337226789,11.914026032146248,14.265745244935454,16.13678687805373,17.57705864284968,18.604039513986432,19.182428499378076,19.273702712007424,19.011621315357665,18.71761444509349,18.52956476582577,18.413337875269292,18.333536499266714,18.273375182753917,18.22503340703175,18.184522629759353,18.14960276566193,18.11890525739152
123,1.5025297791078884,6.0407771542768,8.950519045916764,11.77121036575625,14.127036147054714,16.00759820972603,17.46430872311477,18.518883044958322,19.14055332825933,19.285876795247866,19.06450904172501,18.784663549472395,18.597356520884432,18.478217369838255,18.394778293286848,18.331026616632936,18.27934671936086,18.235791062201958,18.198109604957622,18.16490862651225
124,1.4653030548804427,5.9134866249428235,8.815049811472564,11.633447132574148,13.99320318107511,15.882690759537365,17.354616422706467,18.434676435033523,19.096822937817063,19.294364204458038,19.114612302378763,18.850453367137025,18.664625774496546,18.54287108505964,18.455921819627292,18.388638781698017,18.333649119532524,18.287062061010484,18.24662482612224,18.210922092418432
125,1.4288635386771582,5.790469280745042,8.68444067294795,11.500738648540453,13.864267374784637,15.76213536248129,17.248153585775977,18.351741596739696,19.05166234015743,19.299419292165698,19.1618772086169,18.914867937102542,18.73128635652455,18.607238001014018,18.516921416881498,18.446175498592627,18.387910590460873,18.338309821443502,18.295125631096557,18.25692508185873
126,1.393203779319099,5.6717214753662155,8.558691413779197,11.373089414136041,13.7402489317749,15.645995869933708,17.145075086266964,18.270373936117256,19.00547828949486,19.301316293098026,19.206272276780307,18.977790594263155,18.797244614323667,18.67124927150647,18.577724413892923,18.503594438913826,18.442095683601135,18.389503679259878,18.343584817143626,18.302892982347647
127,1.3583163010874164,5.557245030586751,8.437805699169099,11.250506284588804,13.62116768346629,15.53433021523695,17.045520668885306,18.190844120219317,18.95865778481459,19.300344338214845,19.247788848824058,19.03910502054922,18.86239912957865,18.7348274065875,18.638270179280696,18.560846178264182,18.496162617809613,18.440607265386657,18.39196998630563,18.348796401920904
128,1.3241938854186117,5.447047584559101,8.32179121493354,11.132998625155823,13.507043485706715,15.427191358606443,16.949616628935097,18.113399842557826,18.911567124218305,19.296802708178884,19.286440926303804,19.098696302580105,18.926640469484568,18.79788540249364,18.698489067108266,18.617873122628275,18.550062243599832,18.491577525372335,18.440242622560906,18.394600301137928
129,1.2908299054014563,5.341142956729521,8.2106598086114,11.020578454174883,13.397896567494508,15.32462812454635,16.857477340251577,18.038267555329085,18.864551417222774,19.290996424600046,19.32226443450829,19.156451954224,18.98985097353274,18.860325820277254,18.75830125183309,18.674608294857187,18.603736855704245,18.542363584448527,18.488357016561892,18.440262976978605
130,1.2582187328290249,5.239551531290395,8.104427633553442,10.913260576176452,13.293747838393255,15.226685943680897,16.76920664102997,17.96565414531456,18.8179344693186,19.283232243603923,19.355315956767672,19.21226285917618,19.0519045747237,18.92203981491849,18.817615446061197,18.730973967489597,18.65711883541428,18.592905436939315,18.536259015326163,18.48573487551863
131,1.2263562436893054,5.142300661100611,8.00311529663538,10.811062707005446,13.194619160345177,15.133407509710432,16.68489908754015,17.89574853685544,18.772018962215235,19.273815086653144,19.385670997684052,19.26602408725323,19.112666651017005,18.9829061171157,18.87632749521593,18.7868801277943,18.71012910283952,18.643132436655335,18.58388457161866,18.530957207298076
132,1.195240456076486,5.049425094070823,7.906748010180942,10.71400559261094,13.100533588835736,15.044833361090877,16.604641085630316,17.828723210481666,18.727086862602032,19.263044918948935,19.413421847226232,19.31763553876422,19.17199389927026,19.042789970157905,18.934318844035463,18.84222276086591,18.76267535809529,18.69296156287611,18.631158065075685,18.57586033617629
133,1.1648723452059935,4.960967424072905,7.815355748630137,10.622113122915128,13.0115155877027,14.961002396011988,16.52851190963609,17.764735629852662,18.68340000140486,19.25121406635089,19.43867512500262,19.367002374088596,19.22973421988541,19.10154202420524,18.99145487084842,18.896881936935547,18.814650089620915,18.742295434684568,18.677990364490817,18.62036190928448
134,1.1352568943568129,4.876978568495981,7.728973410443393,10.535412441960759,12.92759122130657,14.881952328312599,16.45658461788374,17.703929572826485,18.64120077407421,19.238604947301635,19.461549085840165,19.414035190312152,19.285726595975976,19.158997189837766,19.047583086837133,18.950719689876262,18.865928327505724,18.791020044940925,18.724276598269977,18.664364692587885
135,1.1064044592521391,4.797518274631564,7.647640985691526,10.453934055355532,12.84878832727511,14.807720091115765,16.38892687345411,17.646436364878994,18.600712920210967,19.225488186174466,19.482170764756905,19.45864991312519,19.33980094624557,19.214973451769076,19.102531198958495,19.00357767529916,18.91636512004978,18.839002184293328,18.769893598090565,18.707754073760096
136,1.0783325480882038,4.722655657122619,7.571403729742526,10.377711935875586,12.77513667259386,14.73834219418883,16.325601678291626,17.59237601488277,18.5621423477306,19.212121068080503,19.500673032502373,19.50076737970476,19.3917779261089,19.269270642042546,19.156105036799236,19.055274598762466,18.96579271303972,18.886086525605283,18.814696979569636,18.75039519184585
137,1.0510681520666587,4.652469768749073,7.500312343416589,10.30678362795446,12.706668095428272,14.673855040327279,16.26666802812579,17.541858254542138,18.525677972767713,19.198746291750012,19.517191623153508,19.540312596423604,19.441468647099875,19.321669169726125,19.20808634530422,19.105603407548983,19.014017413636367,18.932092340388255,18.85851782364931,18.792129651940325
138,1.0246508044342362,4.58705020683565,7.434423159938259,10.24119035166457,12.643416634724137,14.614295205421074,16.212181495040728,17.49498348366209,18.49149255165743,19.185590975947324,19.53186218387661,19.577213663349337,19.488674280514747,19.371928701000723,19.258230446897016,19.154328243274342,19.060816124626125,18.976809821679545,18.90115892393726,18.832771783361896
139,0.9991366030540596,4.526497757543744,7.373798338966308,10.180977106691811,12.585418649334507,14.559699686281576,16.162194743893963,17.45184362398381,18.459743485653423,19.172865875374654,19.54481738486466,19.61140036503397,19.53318550773735,19.41978677953251,19.306263777822497,19.20118115728061,19.105932540354228,19.019995992772483,18.94239056898893,18.872104402192438
140,0.9746035068514606,4.4709250802287155,7.318506067925324,10.126192776706915,12.532712928157354,14.51010611978037,16.116757988158117,17.412522884612226,18.43057358262361,19.16076476364338,19.556184115423036,19.642802433532196,19.574781776962052,19.464957372107474,19.351881304338406,19.245858596271372,19.14907300316122,19.06137018878333,18.981945835167235,18.909874044392303
141,0.9511583158688914,4.4204574338815075,7.268620770793519,10.076890234446887,12.485340792533332,14.465552976371995,16.075919390144858,17.37709844214335,18.404111762878507,19.14946394321686,19.566080780793012,19.671347494525726,19.61323032419143,19.50712931872111,19.39474382437021,19.288017671758407,19.189902028713043,19.10060910869275,19.019515375992565,18.945785644866394
142,0.9289458755695129,4.375233447393057,7.224223324415588,10.033126447733096,12.443346191942215,14.426079730635053,16.039725409970934,17.345641038512422,18.38047369860863,19.139121844921334,19.57461470395968,19.696958710603706,19.64828491549023,19.5459646597583,19.434475159084972,19.327272233259848,19.22803752020482,19.13734144958198,19.054741708501137,18.979496651815563
143,0.9081612178042411,4.33540593493146,7.185401282301286,9.99496258656661,12.406775793845625,14.391727011064498,16.008221107043987,17.318215499360996,18.359762378206575,19.129878682426778,19.58187962759987,19.719552137031393,19.679684267497557,19.58109680574355,19.470659236180172,19.363188771266763,19.263045704718998,19.171142152411452,19.08721301660854,19.01061058535158
144,0.8890655747021506,4.3011427570361604,7.152249105733619,9.96246413135338,12.375679068347864,14.362536730976748,15.98145039727889,17.294881175386575,18.342068588091085,19.121856129829336,19.587953303551398,19.739033804736852,19.707150104021814,19.61212850763723,19.502837062184994,19.395282181023596,19.29443583935882,19.201526309587187,19.116456516038674,19.03867007533702
145,0.8720074896449377,4.27262772701447,7.124868401836513,9.935700982218462,12.350108368182717,14.33855220204292,15.959456268702997,17.27569230871215,18.3274713055908,19.115156992989267,19.592895150681247,19.75529654287483,19.730384807975785,19.63862957810825,19.53050357446115,19.423011421191802,19.321654749031765,19.22794280787466,19.14193145465604,19.063149445885834
146,0.8574506105236491,4.250061560740498,7.103368168030211,9.91474756926677,12.330119004377691,14.31981823163904,15.94228095756636,17.26069832580793,18.316037997034872,19.10986484750109,19.596743956673645,19.768216549382547,19.74906862969753,19.66013430697595,19.55310435471603,19.44577510138269,19.34408127029129,19.24976780433697,19.163021854799446,19.083446952223067
147,0.8460101804927592,4.2336628658211195,7.0878650420201454,9.899682963533849,12.315769317795136,14.306381204889925,15.929966086537991,17.249944057924044,18.307824815476444,19.106043618037443,19.59951559487709,19.777649712666538,19.7628564145468,19.67613850744035,19.570032174728695,19.46290702820863,19.36102068433539,19.26629815538423,19.179029138074362,19.09887681770966
148,0.8385006964022613,4.22366916305303,7.078483556105281,9.890590988239849,12.307120746597848,14.29828915198066,15.922552766035881,17.243469889355886,18.302876692478485,19.103737075278254,19.601200723744498,19.78342768121093,19.771373814250392,19.686096124135748,19.580623331893594,19.47367172988073,19.371699224624365,19.276744936299817,19.189164804285717,19.108661261227613
149,0.8359975350387621,4.220337928797,7.07535639413366,9.887560329808515,12.304237889532084,14.295591801010906,15.920081659201847,17.241311833166503,18.30122731814583,19.102968227691857,19.601762433366968,19.78535367072573,19.774212947484923,19.689415329700882,19.584153717615226,19.47725996377143,19.375258738054026,19.28022719660501,19.192543359689502,19.111922742400264
